取引日,出金金額（円）,入金金額（円）,海外出金金額,通貨,変換レート（円）,利用国,取引内容,取引先,取引方法,支払い区分,利用者,取引番号
2026/03/31 16:33:49,"2,075",-,-,-,-,-,支払い,西友 - 川崎神明店,"PayPayポイント (120円), PayPay残高 (1,955円)",-,-,04946057099723620354
2026/03/31 16:33:40,-,"3,000",-,-,-,-,チャージ,PayPay,ゆうちょ銀行 *****41,-,-,02234908734470889501
2026/03/30 16:53:30,720,-,-,-,-,-,支払い,西友 - 川崎神明店,"PayPayポイント (138円), PayPay残高 (582円)",-,-,04945325074086633473
2026/03/30 02:07:15,490,-,-,-,-,-,支払い,ファミリーマート - 矢向,PayPay残高,-,-,04944868304315285504
2026/03/29 20:27:05,424,-,-,-,-,-,支払い,ファミリーマート - 矢向,PayPay残高,-,-,04944692983750328320
2026/03/29 19:44:39,"4,515",-,-,-,-,-,支払い,ラゾーナ川崎プラザ,PayPay残高,-,-,04944671113776742400
2026/03/29 19:44:31,-,"5,000",-,-,-,-,チャージ,PayPay,ゆうちょ銀行 *****41,-,-,02233522765704232961
2026/03/29 19:00:23,"7,990",-,-,-,-,-,支払い,ラゾーナ川崎プラザ,PayPay残高,-,-,04944648290320777219
2026/03/29 14:57:05,"6,861",-,-,-,-,-,支払い,西友 - 川崎神明店,PayPay残高,-,-,04944522903045799938
2026/03/29 14:56:49,-,"10,000",-,-,-,-,チャージ,PayPay,ゆうちょ銀行 *****41,-,-,02233374477663346702
2026/03/29 13:58:47,"36,064",-,-,-,-,-,支払い,ニトリ - ニトリ横浜鶴見店,PayPay残高,-,-,04944492855454089219
2026/03/29 13:58:44,-,"40,000",-,-,-,-,チャージ,PayPay,ゆうちょ銀行 *****41,-,-,02233344541741293584
2026/03/29 12:21:24,"3,058",-,-,-,-,-,支払い,はま寿司 - まち～クプラザ尻手店,"PayPayポイント (2円), PayPay残高 (3,056円)",-,-,04944442655876661251
2026/03/29 12:21:16,-,"3,000",-,-,-,-,チャージ,PayPay,ゆうちょ銀行 *****41,-,-,02233294316393734167
2026/03/29 12:20:52,-,"1,500",-,-,-,JP,受け取った金額,ゆち,PayPay残高,-,-,02233294101645262858
2026/03/28 22:26:14,980,-,-,-,-,-,支払い,麺屋あびすけ - 矢向店,PayPay残高,-,-,04944012222843502595
2026/03/28 22:26:09,-,"1,000",-,-,-,-,チャージ,PayPay,ゆうちょ銀行 *****41,-,-,02232863900541296641
2026/03/28 14:43:29,548,-,-,-,-,-,支払い,ファミリーマート - 矢向,PayPay残高,-,-,04943773723310407680
2026/03/28 05:34:07,160,-,-,-,-,-,支払い,ファミリーマート - 新宿歌舞伎町一番街,"PayPayポイント (30円), PayPay残高 (130円)",-,-,04943490581885730816
2026/03/27 22:55:47,"5,522",-,-,-,-,-,支払い,一軒め酒場 - 西武新宿前,PayPay残高,-,-,04943285282449235968
2026/03/27 22:55:37,-,"6,000",-,-,-,-,チャージ,PayPay,ゆうちょ銀行 *****41,-,-,02232136917196750850
2026/03/27 17:11:58,417,-,-,-,-,-,支払い,西友 - 川崎神明店,"PayPayポイント (14円), PayPay残高 (403円)",-,-,04943108072098316290
2026/03/27 01:05:16,577,-,-,-,-,-,支払い,ファミリーマート - 矢向,PayPay残高,-,-,04942609838712832000
2026/03/26 19:12:00,280,-,-,-,-,-,支払い,ドトールコーヒー - ＤＣＳ・矢向駅前店,PayPay残高,-,-,04942427766458908681
2026/03/26 17:14:25,801,-,-,-,-,-,支払い,ファミリーマート - 矢向,PayPay残高,-,-,04942367164470435841
2026/03/26 12:20:15,699,-,-,-,-,-,支払い,セブン-イレブン - 横浜矢向,PayPay残高,-,-,04942215552124395529
2026/03/26 12:17:29,531,-,-,-,-,-,支払い,ファミリーマート - 矢向,PayPay残高,-,-,04942214134785400834
2026/03/26 11:56:03,"16,365",-,-,-,-,-,支払い,MUSINSA,"PayPayポイント (42円), PayPay残高 (16,323円)",-,-,04942203088129884164
2026/03/26 11:56:02,-,"20,000",-,-,-,-,チャージ,PayPay,ゆうちょ銀行 *****41,-,-,02231054800186433536
2026/03/25 23:34:18,324,-,-,-,-,-,支払い,ファミリーマート - 矢向,PayPay残高,-,-,04941820793090760705
2026/03/25 23:34:15,-,"1,000",-,-,-,-,チャージ,PayPay,ゆうちょ銀行 *****41,-,-,02230672479377072135
2026/03/25 19:45:08,930,-,-,-,-,-,支払い,セブン-イレブン - 横浜矢向,PayPay残高,-,-,04941702681489481730
2026/03/25 19:15:58,"5,000",-,-,-,-,-,支払い,Zina - 川崎店,PayPay残高,-,-,04941687640514600965
2026/03/25 19:15:47,-,"2,000",-,-,-,-,チャージ,PayPay,ゆうちょ銀行 *****41,-,-,02230539266671910946
2026/03/25 12:20:36,595,-,-,-,-,-,支払い,セブン-イレブン - 横浜矢向,"PayPayポイント (250円), PayPay残高 (345円)",-,-,04941473570754519041
2026/03/24 23:22:46,-,10,-,-,-,-,ポイント、残高の獲得,西友,PayPayポイント,-,-,04941072669916659715
2026/03/24 23:22:46,"1,188",-,-,-,-,-,支払い,西友 - 川崎神明店,PayPay残高,-,-,04941072669916659715
2026/03/24 14:49:36,230,-,-,-,-,-,支払い,ファミリーマート - 矢向,PayPay残高,-,-,04940808194419441664
2026/03/24 14:49:36,-,2,-,-,-,-,ポイント、残高の獲得,ファミリーマート,PayPayポイント,-,-,04940808194419441664
2026/03/24 14:21:50,"5,001",-,-,-,-,-,支払い,ラゾーナ川崎プラザ,"PayPayポイント (42円), PayPay残高 (4,959円)",-,-,04940793883588935686
2026/03/24 14:21:50,-,48,-,-,-,-,ポイント、残高の獲得,ラゾーナ川崎プラザ,PayPayポイント,-,-,04940793883588935686
2026/03/24 14:21:29,-,"10,000",-,-,-,-,チャージ,PayPay,ゆうちょ銀行 *****41,-,-,02229645415257694237
2026/03/24 02:12:57,567,-,-,-,-,-,支払い,ファミリーマート - 矢向,"PayPayポイント (30円), PayPay残高 (537円)",-,-,04940418211388956675
2026/03/24 02:12:56,-,4,-,-,-,-,ポイント、残高の獲得,ファミリーマート,PayPayポイント,-,-,04940418211388956675
2026/03/24 02:12:53,-,"1,000",-,-,-,-,チャージ,PayPay,ゆうちょ銀行 *****41,-,-,02229269906267021316
2026/03/23 20:11:19,"1,043",-,-,-,-,-,支払い,ファミリーマート - 矢向,PayPay残高,-,-,04940231835578302466
2026/03/23 20:11:19,-,10,-,-,-,-,ポイント、残高の獲得,ファミリーマート,PayPayポイント,-,-,04940231835578302466
2026/03/23 20:06:28,"2,580",-,-,-,-,-,支払い,トモズ - トモズ矢向店,PayPay残高,-,-,04940229327317909508
2026/03/23 20:06:27,-,24,-,-,-,-,ポイント、残高の獲得,トモズ,PayPayポイント,-,-,04940229327317909508
2026/03/23 12:51:24,"1,975",-,-,-,-,-,支払い,西友 - 川崎神明店,"PayPayポイント (172円), PayPay残高 (1,803円)",-,-,04940005104254820352
2026/03/23 12:51:24,-,18,-,-,-,-,ポイント、残高の獲得,西友,PayPayポイント,-,-,04940005104254820352
2026/03/23 12:51:18,-,"5,000",-,-,-,-,チャージ,PayPay,ゆうちょ銀行 *****41,-,-,02228856773362835457
2026/03/22 21:21:20,-,4,-,-,-,-,ポイント、残高の獲得,ファミリーマート,PayPayポイント,-,-,04939525742955290629
2026/03/22 21:21:20,555,-,-,-,-,-,支払い,ファミリーマート - 矢向,PayPay残高,-,-,04939525742955290629
2026/03/22 19:34:31,"2,200",-,-,-,-,-,支払い,HAKADORU　渋谷店 - HAKADORU　渋谷店,PayPay残高,-,-,04939470698653589507
2026/03/22 19:34:31,-,22,-,-,-,-,ポイント、残高の獲得,HAKADORU　渋谷店,PayPayポイント,-,-,04939470698653589507
2026/03/22 19:34:25,-,"3,000",-,-,-,-,チャージ,PayPay,ゆうちょ銀行 *****41,-,-,02228322359172161574
2026/03/22 17:31:05,"2,365",-,-,-,-,-,支払い,アークランドサービス - 東京たらこスパゲティ渋谷店,"PayPayポイント (70円), PayPay残高 (2,295円)",-,-,04939407081598304258
2026/03/22 17:31:05,-,22,-,-,-,-,ポイント、残高の獲得,アークランドサービス,PayPayポイント,-,-,04939407081598304258
2026/03/22 04:13:15,413,-,-,-,-,-,支払い,セブン-イレブン - 中野中央桃園川,"PayPayポイント (4円), PayPay残高 (409円)",-,-,04938995881429581824
2026/03/22 04:13:15,-,4,-,-,-,-,ポイント、残高の獲得,セブン-イレブン,PayPayポイント,-,-,04938995881429581824
2026/03/22 04:09:56,"1,100",-,-,-,-,-,送った金額,宮元健斗だよ,PayPay残高,-,-,02227845892680417280
2026/03/22 03:54:56,"13,000",-,-,-,-,-,送った金額,宮元健斗だよ,PayPay残高,-,-,02227838161739259904
2026/03/22 03:54:43,-,"13,000",-,-,-,-,チャージ,PayPay,ゆうちょ銀行 *****41,-,-,02227838050069864448
2026/03/21 20:58:04,-,70,-,-,-,-,ポイント、残高の獲得,muse大塚店,PayPayポイント,-,-,04938771581057458183
2026/03/21 20:58:04,"7,000",-,-,-,-,-,支払い,muse大塚店 - PICROSS大塚店,PayPay残高,-,-,04938771581057458183
2026/03/21 20:55:37,-,"10,000",-,-,-,-,チャージ,PayPay,ゆうちょ銀行 *****41,-,-,02227622047574728708
2026/03/21 20:38:13,"2,700",-,-,-,-,-,送った金額,宮元健斗だよ,PayPay残高,-,-,02227613079683153920
2026/03/21 20:38:03,-,"2,700",-,-,-,-,チャージ,PayPay,ゆうちょ銀行 *****41,-,-,02227612985193668623
2026/03/21 17:11:23,-,6,-,-,-,-,ポイント、残高の獲得,西友,PayPayポイント,-,-,04938654749357121547
2026/03/21 17:11:23,620,-,-,-,-,-,支払い,西友 - 川崎神明店,"PayPayポイント (14円), PayPay残高 (606円)",-,-,04938654749357121547
2026/03/20 23:21:06,"5,500",-,-,-,-,-,支払い,ASOBIBAR - 新宿歌舞伎町タワー前店,PayPay残高,-,-,04938103129527156737
2026/03/20 23:21:05,-,54,-,-,-,-,ポイント、残高の獲得,ASOBIBAR,PayPayポイント,-,-,04938103129527156737
2026/03/20 23:20:55,-,"7,000",-,-,-,-,チャージ,PayPay,ゆうちょ銀行 *****41,-,-,02226954755686047764
2026/03/20 15:20:45,"1,510",-,-,-,-,-,支払い,アトレ - アトレ川崎,PayPay残高,-,-,04937855559022239753
2026/03/20 13:41:27,-,3,-,-,-,-,ポイント、残高の獲得,アトレ,PayPayポイント,-,-,4937804328652955650#65407
2026/03/20 13:41:20,610,-,-,-,-,-,支払い,アトレ - アトレ川崎,PayPay残高,-,-,04937804328652955650
2026/03/20 13:24:15,-,2,-,-,-,-,ポイント、残高の獲得,トモズ,PayPayポイント,-,-,04937795515379613701
2026/03/20 13:24:15,404,-,-,-,-,-,支払い,トモズ - トモズ矢向店,"PayPayポイント (70円), PayPay残高 (334円)",-,-,04937795515379613701
2026/03/20 00:57:42,-,10,-,-,-,-,ポイント、残高の獲得,ファミリーマート,PayPayポイント,-,-,04937410746439892994
2026/03/20 00:57:42,"1,081",-,-,-,-,-,支払い,ファミリーマート - 矢向,PayPay残高,-,-,04937410746439892994
2026/03/19 16:06:23,"1,229",-,-,-,-,-,支払い,西友 - 川崎神明店,"PayPayポイント (56円), PayPay残高 (1,173円)",-,-,04937136907914305538
2026/03/19 16:06:22,-,10,-,-,-,-,ポイント、残高の獲得,西友,PayPayポイント,-,-,04937136907914305538
2026/03/17 20:12:03,582,-,-,-,-,-,支払い,ファミリーマート - 矢向,PayPay残高,-,-,04935779191442178049
2026/03/17 20:12:03,-,4,-,-,-,-,ポイント、残高の獲得,ファミリーマート,PayPayポイント,-,-,04935779191442178049
2026/03/17 19:51:34,840,-,-,-,-,-,支払い,松屋フーズ - 矢向店,PayPay残高,-,-,04935768625822875652
2026/03/17 19:51:33,-,8,-,-,-,-,ポイント、残高の獲得,松屋フーズ,PayPayポイント,-,-,04935768625822875652
2026/03/17 12:28:56,198,-,-,-,-,-,支払い,セブン-イレブン - 横浜尻手駅前,"PayPayポイント (25円), PayPay残高 (173円)",-,-,04935540494338932740
2026/03/17 12:26:13,-,10,-,-,-,-,ポイント、残高の獲得,ローソン,PayPayポイント,-,-,04935539094180536339
2026/03/17 12:26:13,"1,033",-,-,-,-,-,支払い,ローソン - 川崎尻手駅前,PayPayポイント,-,-,04935539094180536339
2026/03/16 22:21:40,-,6,-,-,-,-,ポイント、残高の獲得,セブン-イレブン,PayPayポイント,-,-,04935103816423030789
2026/03/16 22:21:40,661,-,-,-,-,-,支払い,セブン-イレブン - 新宿中井駅前,PayPay残高,-,-,04935103816423030789
2026/03/16 21:11:44,"6,000",-,-,-,-,-,送った金額,yu,PayPay残高,-,-,02223919502296465414
2026/03/16 17:21:04,452,-,-,-,-,-,支払い,ファミリーマート - 恵比寿一丁目,PayPay残高,-,-,04934948888362483714
2026/03/16 17:21:03,-,4,-,-,-,-,ポイント、残高の獲得,ファミリーマート,PayPayポイント,-,-,04934948888362483714
2026/03/16 13:33:38,484,-,-,-,-,-,支払い,セブン-イレブン - 恵比寿駅前,PayPay残高,-,-,04934831670115147779
2026/03/16 13:33:37,-,4,-,-,-,-,ポイント、残高の獲得,セブン-イレブン,PayPayポイント,-,-,04934831670115147779
2026/03/16 10:14:23,528,-,-,-,-,-,支払い,ファミリーマート - 恵比寿一丁目,"PayPayポイント (8円), PayPay残高 (520円)",-,-,04934728977446420487
2026/03/16 10:14:22,-,4,-,-,-,-,ポイント、残高の獲得,ファミリーマート,PayPayポイント,-,-,04934728977446420487
2026/03/15 22:53:48,"5,000",-,-,-,-,-,送った金額,宮元健斗だよ,PayPay残高,-,-,02223229936706879497
2026/03/15 21:24:40,-,38,-,-,-,-,ポイント、残高の獲得,HAKADORU　渋谷店,PayPayポイント,-,-,04934332268497821704
2026/03/15 21:24:40,"3,850",-,-,-,-,-,支払い,HAKADORU　渋谷店 - HAKADORU　渋谷店,PayPay残高,-,-,04934332268497821704
2026/03/15 18:44:19,"127,300",-,-,-,-,-,支払い,国税（申告所得税及復興特別所得税）,PayPay残高,-,-,04934249624736825347
2026/03/15 18:44:18,-,"1,272",-,-,-,-,ポイント、残高の獲得,国税（申告所得税及復興特別所得税）,PayPayポイント,-,-,04934249624736825347
2026/03/15 18:42:25,-,"150,000",-,-,-,-,チャージ,PayPay,ゆうちょ銀行 *****41,-,-,02223100366133207073
2026/03/15 10:39:17,-,10,-,-,-,-,ポイント、残高の獲得,西友,PayPayポイント,-,-,04933999640461164545
2026/03/15 10:39:17,"1,202",-,-,-,-,-,支払い,西友 - 川崎神明店,"PayPayポイント (4円), PayPay残高 (1,198円)",-,-,04933999640461164545
2026/03/15 10:39:01,-,"2,000",-,-,-,-,チャージ,PayPay,ゆうちょ銀行 *****41,-,-,02222851232260956164
2026/03/15 01:19:59,384,-,-,-,-,-,支払い,ファミリーマート - 矢向,PayPay残高,-,-,04933711388024848384
2026/03/15 01:19:59,-,2,-,-,-,-,ポイント、残高の獲得,ファミリーマート,PayPayポイント,-,-,04933711388024848384
2026/03/14 20:26:53,-,8,-,-,-,-,ポイント、残高の獲得,西友,PayPayポイント,-,-,04933560316845432838
2026/03/14 20:26:53,872,-,-,-,-,-,支払い,西友 - 川崎神明店,PayPay残高,-,-,04933560316845432838
2026/03/14 20:26:49,-,"1,000",-,-,-,-,チャージ,PayPay,ゆうちょ銀行 *****41,-,-,02222412011724922886
2026/03/14 18:33:41,230,-,-,-,-,-,支払い,ファミリーマート - 矢向,PayPay残高,-,-,04933501982599479298
2026/03/14 18:33:41,-,2,-,-,-,-,ポイント、残高の獲得,ファミリーマート,PayPayポイント,-,-,04933501982599479298
2026/03/14 14:33:42,990,-,-,-,-,-,支払い,伝説のすた丼屋 - 高田馬場店,"PayPayポイント (124円), PayPay残高 (866円)",-,-,04933378296132476930
2026/03/14 14:33:42,-,8,-,-,-,-,ポイント、残高の獲得,伝説のすた丼屋,PayPayポイント,-,-,04933378296132476930
2026/03/14 14:33:36,-,"1,000",-,-,-,-,チャージ,PayPay,ゆうちょ銀行 *****41,-,-,02222229956651180057
2026/03/14 02:04:45,-,16,-,-,-,-,ポイント、残高の獲得,ローソン,PayPayポイント,-,-,04932992281650356225
2026/03/14 02:04:45,"1,640",-,-,-,-,-,支払い,ローソン - 新宿上落合,PayPay残高,-,-,04932992281650356225
2026/03/14 02:04:30,-,"1,000",-,-,-,-,チャージ,PayPay,ゆうちょ銀行 *****41,-,-,02221843882040942592
2026/03/13 12:27:36,-,22,-,-,-,-,ポイント、残高の獲得,西友,PayPayポイント,-,-,04932571134337302528
2026/03/13 12:27:36,"2,220",-,-,-,-,-,支払い,西友 - 川崎神明店,"PayPayポイント (8円), PayPay残高 (2,212円)",-,-,04932571134337302528
2026/03/13 12:27:27,-,"3,000",-,-,-,-,チャージ,PayPay,ゆうちょ銀行 *****41,-,-,02221422777677127698
2026/03/12 23:17:40,-,2,-,-,-,-,ポイント、残高の獲得,西友,PayPayポイント,-,-,04932163997208813569
2026/03/12 23:17:40,235,-,-,-,-,-,支払い,西友 - 川崎神明店,PayPay残高,-,-,04932163997208813569
2026/03/12 13:52:15,730,-,-,-,-,-,支払い,アトレ - アトレ川崎,PayPay残高,-,-,04931872592267452419
2026/03/12 13:52:11,-,"1,000",-,-,-,-,チャージ,PayPay,ゆうちょ銀行 *****41,-,-,02220724278556327937
2026/03/12 00:30:24,239,-,-,-,-,-,支払い,ファミリーマート - 矢向,PayPay残高,-,-,04931459321924255746
2026/03/12 00:30:24,-,2,-,-,-,-,ポイント、残高の獲得,ファミリーマート,PayPayポイント,-,-,04931459321924255746
2026/03/11 20:41:07,459,-,-,-,-,-,支払い,トモズ - トモズ矢向店,PayPay残高,-,-,04931341141603565573
2026/03/11 20:41:06,-,4,-,-,-,-,ポイント、残高の獲得,トモズ,PayPayポイント,-,-,04931341141603565573
2026/03/11 19:52:31,"1,064",-,-,-,-,-,支払い,吉野家 - 恵比寿駅東口店,PayPay残高,-,-,04931316101944975361
2026/03/11 19:52:31,-,10,-,-,-,-,ポイント、残高の獲得,吉野家,PayPayポイント,-,-,04931316101944975361
2026/03/11 19:52:27,-,"1,000",-,-,-,-,チャージ,PayPay,ゆうちょ銀行 *****41,-,-,02220167788233801749
2026/03/11 13:49:42,230,-,-,-,-,-,支払い,ファミリーマート - 恵比寿一丁目,PayPay残高,-,-,04931129099068784641
2026/03/11 13:49:41,-,2,-,-,-,-,ポイント、残高の獲得,ファミリーマート,PayPayポイント,-,-,04931129099068784641
2026/03/11 13:43:05,-,6,-,-,-,-,ポイント、残高の獲得,吉野家,PayPayポイント,-,-,04931125688864268297
2026/03/11 13:43:05,844,-,-,-,-,-,支払い,吉野家 - 恵比寿駅東口店,"PayPayポイント (160円), PayPay残高 (684円)",-,-,04931125688864268297
2026/03/11 01:22:45,160,-,-,-,-,-,支払い,ファミリーマート - 新宿中井駅前,"PayPayポイント (126円), PayPay残高 (34円)",-,-,04930744132560248832
2026/03/10 23:32:05,-,"1,000",-,-,-,-,チャージ,PayPay,ゆうちょ銀行 *****41,-,-,02219538807452901387
2026/03/10 22:48:12,"4,000",-,-,-,-,-,送った金額,ヒデカズ,PayPay残高,-,-,02219516190155341826
2026/03/10 22:43:26,-,"4,000",-,-,-,-,チャージ,PayPay,ゆうちょ銀行 *****41,-,-,02219513742024294402
2026/03/10 01:02:11,384,-,-,-,-,-,支払い,ファミリーマート - 矢向,PayPay残高,-,-,04929991362231074816
2026/03/10 01:02:11,-,2,-,-,-,-,ポイント、残高の獲得,ファミリーマート,PayPayポイント,-,-,04929991362231074816
2026/03/10 01:02:05,-,"1,000",-,-,-,-,チャージ,PayPay,ゆうちょ銀行 *****41,-,-,02218843031340859396
2026/03/09 19:55:01,-,8,-,-,-,-,ポイント、残高の獲得,吉野家,PayPayポイント,-,-,04929833041147518982
2026/03/09 19:55:01,844,-,-,-,-,-,支払い,吉野家 - 恵比寿駅東口店,PayPay残高,-,-,04929833041147518982
2026/03/09 19:54:33,-,"1,000",-,-,-,-,チャージ,PayPay,ゆうちょ銀行 *****41,-,-,02218684521277833228
2026/03/09 19:04:36,138,-,-,-,-,-,支払い,ファミリーマート - 恵比寿一丁目,PayPay残高,-,-,04929807056594345990
2026/03/09 19:01:52,170,-,-,-,-,-,支払い,ファミリーマート - 恵比寿一丁目,PayPay残高,-,-,04929805647845818369
2026/03/09 16:29:21,194,-,-,-,-,-,支払い,ファミリーマート - 恵比寿一丁目,PayPay残高,-,-,04929727049944252419
2026/03/09 13:32:47,230,-,-,-,-,-,支払い,ファミリーマート - 恵比寿一丁目,PayPay残高,-,-,04929636048177266690
2026/03/09 13:32:47,-,2,-,-,-,-,ポイント、残高の獲得,ファミリーマート,PayPayポイント,-,-,04929636048177266690
2026/03/09 13:26:41,844,-,-,-,-,-,支払い,吉野家 - 恵比寿駅東口店,PayPay残高,-,-,04929632904261648385
2026/03/09 13:26:41,-,8,-,-,-,-,ポイント、残高の獲得,吉野家,PayPayポイント,-,-,04929632904261648385
2026/03/09 10:21:48,528,-,-,-,-,-,支払い,ファミリーマート - 恵比寿一丁目,"PayPayポイント (6円), PayPay残高 (522円)",-,-,04929537616117194754
2026/03/09 10:21:48,-,4,-,-,-,-,ポイント、残高の獲得,ファミリーマート,PayPayポイント,-,-,04929537616117194754
2026/03/08 21:59:25,"1,384",-,-,-,-,-,支払い,セブン-イレブン - 新宿中井駅前,PayPay残高,-,-,04929154986070605828
2026/03/08 21:59:24,-,12,-,-,-,-,ポイント、残高の獲得,セブン-イレブン,PayPayポイント,-,-,04929154986070605828
2026/03/08 21:35:36,"5,763",-,-,-,-,-,支払い,鶏闘士 - 鶏闘士新館B1階,PayPay残高,-,-,04929142711054245890
2026/03/08 21:35:35,-,56,-,-,-,-,ポイント、残高の獲得,鶏闘士,PayPayポイント,-,-,04929142711054245890
2026/03/08 21:35:26,-,"5,000",-,-,-,-,チャージ,PayPay,ゆうちょ銀行 *****41,-,-,02217994345803726875
2026/03/08 19:26:36,630,-,-,-,-,-,支払い,ドトールコーヒー - DCS・京王モール新宿店,PayPay残高,-,-,04929076224960151556
2026/03/08 19:26:35,-,6,-,-,-,-,ポイント、残高の獲得,ドトールコーヒー,PayPayポイント,-,-,04929076224960151556
2026/03/08 11:55:03,-,12,-,-,-,-,ポイント、残高の獲得,丸亀製麺,PayPayポイント,-,-,04928843497862668290
2026/03/08 11:55:03,"1,270",-,-,-,-,-,支払い,丸亀製麺 - 丸亀製麺　羽田空港第１ターミナル,"PayPayポイント (2円), PayPay残高 (1,268円)",-,-,04928843497862668290
2026/03/07 19:23:33,-,"3,000",-,-,-,-,チャージ,PayPay,ゆうちょ銀行 *****41,-,-,02217184203302289422
2026/03/07 17:31:22,730,-,-,-,-,-,支払い,アトレ - アトレ川崎,PayPay残高,-,-,04928274672392732673
2026/03/07 14:46:07,-,74,-,-,-,-,ポイント、残高の獲得,髙島屋,PayPayポイント,-,-,04928189494601334792
2026/03/07 14:46:07,"7,524",-,-,-,-,-,支払い,髙島屋 - 横浜店,PayPay残高,-,-,04928189494601334792
2026/03/07 14:46:03,-,"10,000",-,-,-,-,チャージ,PayPay,ゆうちょ銀行 *****41,-,-,02217041189481545732
2026/03/07 12:16:24,-,596,-,-,-,-,ポイント、残高の獲得,ニトリ,PayPayポイント,-,-,04928112331220017166
2026/03/07 12:16:24,"59,805",-,-,-,-,-,支払い,ニトリ - ニトリ横浜鶴見店,"PayPayポイント (8円), PayPay残高 (59,797円)",-,-,04928112331220017166
2026/03/07 12:16:13,-,"60,000",-,-,-,-,チャージ,PayPay,ゆうちょ銀行 *****41,-,-,02216963965968875525
2026/03/06 22:57:01,-,4,-,-,-,-,ポイント、残高の獲得,ローソン,PayPayポイント,-,-,04927700332186124290
2026/03/06 22:57:01,485,-,-,-,-,-,支払い,ローソン - 羽田空港第二ターミナル,PayPay残高,-,-,04927700332186124290
2026/03/06 21:46:05,"9,000",-,-,-,-,-,送った金額,村田雅弥,PayPay残高,-,-,02216515502663974912
2026/03/06 21:45:34,-,"10,000",-,-,-,-,チャージ,PayPay,ゆうちょ銀行 *****41,-,-,02216515236376412160
2026/03/06 20:14:42,"1,186",-,-,-,-,-,支払い,ウエルシア - ハックドラッグエキニア横浜店,PayPay残高,-,-,04927616674813198338
2026/03/06 20:14:41,-,10,-,-,-,-,ポイント、残高の獲得,ウエルシア,PayPayポイント,-,-,04927616674813198338
2026/03/06 20:14:35,-,"1,000",-,-,-,-,チャージ,PayPay,ゆうちょ銀行 *****41,-,-,02216468343923204112
2026/03/06 15:37:51,"1,410",-,-,-,-,-,支払い,アトレ - アトレ川崎,PayPay残高,-,-,04927473987410608136
2026/03/06 15:37:45,-,"2,000",-,-,-,-,チャージ,PayPay,ゆうちょ銀行 *****41,-,-,02216325665109630998
2026/03/06 15:19:25,365,-,-,-,-,-,支払い,ローソン - 鶴見東口,PayPay残高,-,-,04927464486942949384
2026/03/06 15:19:24,-,2,-,-,-,-,ポイント、残高の獲得,ローソン,PayPayポイント,-,-,04927464486942949384
2026/03/06 12:27:57,850,-,-,-,-,-,支払い,松屋フーズ - 矢向店,"PayPayポイント (20円), PayPay残高 (830円)",-,-,04927376122285948929
2026/03/06 12:27:57,-,8,-,-,-,-,ポイント、残高の獲得,松屋フーズ,PayPayポイント,-,-,04927376122285948929
2026/03/06 12:27:52,-,"1,000",-,-,-,-,チャージ,PayPay,ゆうちょ銀行 *****41,-,-,02216227799985094656
2026/03/05 19:55:17,620,-,-,-,-,-,支払い,アトレ - アトレ川崎,PayPay残高,-,-,04926864497191182341
2026/03/05 19:10:09,899,-,-,-,-,-,支払い,吉野家 - 尻手店,PayPay残高,-,-,04926841235648741380
2026/03/05 19:10:08,-,8,-,-,-,-,ポイント、残高の獲得,吉野家,PayPayポイント,-,-,04926841235648741380
2026/03/05 18:44:49,"1,286",-,-,-,-,-,支払い,ニトリ - ニトリ横浜鶴見店,PayPay残高,-,-,04926828187537309696
2026/03/05 18:44:49,-,12,-,-,-,-,ポイント、残高の獲得,ニトリ,PayPayポイント,-,-,04926828187537309696
2026/03/05 18:44:38,-,"3,000",-,-,-,-,チャージ,PayPay,ゆうちょ銀行 *****41,-,-,02215679813697060874
2026/03/05 16:19:35,885,-,-,-,-,-,支払い,ラゾーナ川崎プラザ,PayPay残高,-,-,04926753334847528967
2026/03/05 16:19:35,-,8,-,-,-,-,ポイント、残高の獲得,ラゾーナ川崎プラザ,PayPayポイント,-,-,04926753334847528967
2026/03/05 13:39:47,530,-,-,-,-,-,支払い,アトレ - アトレ川崎,PayPay残高,-,-,04926670965965086723
2026/03/05 13:03:23,-,8,-,-,-,-,ポイント、残高の獲得,松屋フーズ,PayPayポイント,-,-,04926652205547741191
2026/03/05 13:03:23,890,-,-,-,-,-,支払い,松屋フーズ - 矢向店,"PayPayポイント (2円), PayPay残高 (888円)",-,-,04926652205547741191
2026/03/04 20:39:36,790,-,-,-,-,-,支払い,松屋フーズ - 矢向店,"PayPayポイント (40円), PayPay残高 (750円)",-,-,04926145176068685824
2026/03/04 20:39:36,-,6,-,-,-,-,ポイント、残高の獲得,松屋フーズ,PayPayポイント,-,-,04926145176068685824
2026/03/03 16:16:36,60,-,-,-,-,-,支払い,オフィスオアシス - D004299,PayPay残高,-,-,04925267447961419776
2026/03/03 14:11:43,-,2,-,-,-,-,ポイント、残高の獲得,ファミリーマート,PayPayポイント,-,-,04925203083581833225
2026/03/03 14:11:43,359,-,-,-,-,-,支払い,ファミリーマート - 恵比寿一丁目,PayPay残高,-,-,04925203083581833225
2026/03/03 10:52:00,230,-,-,-,-,-,支払い,オフィスオアシス - D004299,"PayPayポイント (35円), PayPay残高 (195円)",-,-,04925100158986141696
2026/03/03 00:38:08,-,16,-,-,-,-,ポイント、残高の獲得,西友,PayPayポイント,-,-,04924783765924724738
2026/03/03 00:38:08,"1,753",-,-,-,-,-,支払い,西友 - 川崎神明店,"PayPayポイント (2円), PayPay残高 (1,751円)",-,-,04924783765924724738
2026/03/01 21:46:38,-,62,-,-,-,-,ポイント、残高の獲得,なみ小屋,PayPayポイント,-,-,04923953205148557315
2026/03/01 21:46:38,"6,370",-,-,-,-,-,支払い,なみ小屋 - なみ小屋　新宿歌舞伎町店,"PayPayポイント (4円), PayPay残高 (6,366円)",-,-,04923953205148557315
2026/03/01 21:46:28,-,"6,000",-,-,-,-,チャージ,PayPay,ゆうちょ銀行 *****41,-,-,02212804839899185171
2026/03/01 21:46:12,-,"6,000",-,-,-,-,チャージ,PayPay,ゆうちょ銀行 *****41,-,-,02212804711049396229
2026/03/01 20:19:29,"2,000",-,-,-,-,-,送った金額,宮元健斗だよ,PayPay残高,-,-,02212760009030402052
2026/03/01 12:10:50,"10,000",-,-,-,-,-,送った金額,宮元健斗だよ,PayPay残高,-,-,02212508169328148480
2026/03/01 12:10:27,-,"10,000",-,-,-,-,チャージ,PayPay,ゆうちょ銀行 *****41,-,-,02212507963168989227
2026/03/01 02:08:44,"6,000",-,-,-,-,-,支払い,ASOBIBAR - 新宿歌舞伎町タワー前店,"PayPayポイント (8円), PayPay残高 (5,992円)",-,-,04923346120112226304
2026/03/01 02:08:43,-,58,-,-,-,-,ポイント、残高の獲得,ASOBIBAR,PayPayポイント,-,-,04923346120112226304
2026/02/28 22:02:07,"11,834",-,-,-,-,-,支払い,磯丸水産 - 磯丸水産　歌舞伎町東通り店,"PayPayポイント (8円), PayPay残高 (11,826円)",-,-,04923219014849642501
2026/02/28 22:02:06,-,118,-,-,-,-,ポイント、残高の獲得,磯丸水産,PayPayポイント,-,-,04923219014849642501
2026/02/28 22:01:59,-,"20,000",-,-,-,-,チャージ,PayPay,ゆうちょ銀行 *****41,-,-,02212070675368919052
2026/02/28 02:18:55,"1,400",-,-,-,-,-,支払い,東都タクシー - 東都無線タクシー株式会社世田谷営業所３６,PayPay残高,-,-,04922609206803062785
2026/02/28 02:18:55,-,14,-,-,-,-,ポイント、残高の獲得,東都タクシー,PayPayポイント,-,-,04922609206803062785
2026/02/28 00:58:37,745,-,-,-,-,-,支払い,セブン-イレブン - 新宿中井駅前,PayPay残高,-,-,04922567820497420288
2026/02/28 00:58:37,-,6,-,-,-,-,ポイント、残高の獲得,セブン-イレブン,PayPayポイント,-,-,04922567820497420288
2026/02/27 10:17:07,-,2,-,-,-,-,ポイント、残高の獲得,ドトールコーヒー,PayPayポイント,-,-,04922113490268012550
2026/02/27 10:17:07,330,-,-,-,-,-,支払い,ドトールコーヒー - ＤＣＳ・矢向駅前店,"PayPayポイント (1円), PayPay残高 (329円)",-,-,04922113490268012550
2026/02/26 23:20:40,311,-,-,-,-,-,支払い,西友 - 川崎神明店,PayPay残高,-,-,04921775167104294913
2026/02/26 23:20:40,-,2,-,-,-,-,ポイント、残高の獲得,西友,PayPayポイント,-,-,04921775167104294913
2026/02/26 16:41:33,"2,573",-,-,-,-,-,支払い,西友 - 川崎神明店,PayPay残高,-,-,04921569463940145152
2026/02/26 16:41:33,-,24,-,-,-,-,ポイント、残高の獲得,西友,PayPayポイント,-,-,04921569463940145152
2026/02/26 12:46:51,330,-,-,-,-,-,支払い,ドトールコーヒー - ＤＣＳ・矢向駅前店,"PayPayポイント (3円), PayPay残高 (327円)",-,-,04921448500480974854
2026/02/26 12:46:51,-,2,-,-,-,-,ポイント、残高の獲得,ドトールコーヒー,PayPayポイント,-,-,04921448500480974854
2026/02/26 01:24:43,393,-,-,-,-,-,支払い,ファミリーマート - 矢向,"PayPayポイント (220円), PayPay残高 (173円)",-,-,04921096923048370179
2026/02/26 01:24:42,-,2,-,-,-,-,ポイント、残高の獲得,ファミリーマート,PayPayポイント,-,-,04921096923048370179
2026/02/25 23:49:10,-,"5,000",-,-,-,JP,受け取った金額,中山怜皇,PayPay残高,-,-,02209899397602172932
2026/02/25 21:24:33,"1,489",-,-,-,-,-,支払い,西友 - 川崎神明店,"PayPayポイント (5円), PayPay残高 (1,484円)",-,-,04920973150681104386
2026/02/25 21:24:33,-,14,-,-,-,-,ポイント、残高の獲得,西友,PayPayポイント,-,-,04920973150681104386
2026/02/24 18:09:24,935,-,-,-,-,-,支払い,西友 - 川崎神明店,PayPay残高,-,-,04920130400787234817
2026/02/24 18:09:24,-,8,-,-,-,-,ポイント、残高の獲得,西友,PayPayポイント,-,-,04920130400787234817
2026/02/24 17:55:38,-,28,-,-,-,-,ポイント、残高の獲得,トモズ,PayPayポイント,-,-,04920123296911392784
2026/02/24 17:55:38,"2,940",-,-,-,-,-,支払い,トモズ - トモズ矢向店,PayPay残高,-,-,04920123296911392784
2026/02/24 17:29:59,-,2,-,-,-,-,ポイント、残高の獲得,ラゾーナ川崎プラザ,PayPayポイント,-,-,04920110077002211340
2026/02/24 17:29:59,329,-,-,-,-,-,支払い,ラゾーナ川崎プラザ,PayPay残高,-,-,04920110077002211340
2026/02/24 12:14:59,531,-,-,-,-,-,支払い,セブン-イレブン - 横浜矢向,"PayPayポイント (14円), PayPay残高 (517円)",-,-,04919947735828766721
2026/02/24 12:14:59,-,4,-,-,-,-,ポイント、残高の獲得,セブン-イレブン,PayPayポイント,-,-,04919947735828766721
2026/02/23 22:26:00,-,"2,500",-,-,-,JP,受け取った金額,tomori,PayPay残高,-,-,02208372193131085824
2026/02/23 22:18:11,-,"2,500",-,-,-,JP,受け取った金額,ほっともっと,PayPay残高,-,-,02208368173042008066
2026/02/23 22:17:47,"7,260",-,-,-,-,-,支払い,ダーツバーBeeグループ - ダイニングダーツバーBee 横浜WEST店,PayPay残高,-,-,04919516237644570626
2026/02/23 22:17:46,-,72,-,-,-,-,ポイント、残高の獲得,ダーツバーBeeグループ,PayPayポイント,-,-,04919516237644570626
2026/02/23 21:34:11,-,2,-,-,-,-,ポイント、残高の獲得,ビーリンク,PayPayポイント,-,-,04919493766374703110
2026/02/23 21:34:11,200,-,-,-,-,-,支払い,ビーリンク,PayPay残高,-,-,04919493766374703110
2026/02/23 21:23:48,100,-,-,-,-,-,支払い,ビーリンク,PayPay残高,-,-,04919488423435517952
2026/02/23 21:23:23,200,-,-,-,-,-,支払い,ビーリンク,PayPay残高,-,-,04919488208687923202
2026/02/23 21:23:23,-,2,-,-,-,-,ポイント、残高の獲得,ビーリンク,PayPayポイント,-,-,04919488208687923202
2026/02/23 19:59:06,-,"3,040",-,-,-,JP,受け取った金額,ほっともっと,PayPay残高,-,-,02208296490037837827
2026/02/23 19:58:44,-,"3,040",-,-,-,JP,受け取った金額,tomori,PayPay残高,-,-,02208296301058949125
2026/02/23 14:45:11,"2,086",-,-,-,-,-,支払い,トモズ - トモズ矢向店,PayPay残高,-,-,04919282977970675713
2026/02/23 14:45:11,-,20,-,-,-,-,ポイント、残高の獲得,トモズ,PayPayポイント,-,-,04919282977970675713
2026/02/23 07:08:26,"1,080",-,-,-,-,-,支払い,一蘭 - 一蘭　新宿歌舞伎町店,"PayPayポイント (8円), PayPay残高 (1,072円)",-,-,04919047570812706817
2026/02/23 07:08:26,-,10,-,-,-,-,ポイント、残高の獲得,一蘭,PayPayポイント,-,-,04919047570812706817
2026/02/23 00:06:59,"14,500",-,-,-,-,-,支払い,オリエンタルラウンジ - ORIENTAL LOUNGE 渋谷本店,PayPay残高,-,-,04918830357137121280
2026/02/23 00:06:59,-,144,-,-,-,-,ポイント、残高の獲得,オリエンタルラウンジ,PayPayポイント,-,-,04918830357137121280
2026/02/23 00:06:57,-,"20,000",-,-,-,-,チャージ,PayPay,ゆうちょ銀行 *****41,-,-,02207682060605997060
2026/02/22 22:38:10,"2,500",-,-,-,-,JP,送った金額,中山怜皇,PayPay残高,-,-,02207636293434449933
2026/02/22 22:37:52,-,"2,500",-,-,-,-,チャージ,PayPay,ゆうちょ銀行 *****41,-,-,02207636138815668249
2026/02/22 21:07:25,"3,850",-,-,-,-,-,支払い,HAKADORU　渋谷店 - HAKADORU　渋谷店,PayPay残高,-,-,04918737809181859841
2026/02/22 21:07:25,-,38,-,-,-,-,ポイント、残高の獲得,HAKADORU　渋谷店,PayPayポイント,-,-,04918737809181859841
2026/02/22 21:07:17,-,"5,000",-,-,-,-,チャージ,PayPay,ゆうちょ銀行 *****41,-,-,02207589461111521286
2026/02/22 16:46:53,"1,155",-,-,-,-,-,送った金額,宮元健斗だよ,PayPay残高,-,-,02207455243383259141
2026/02/22 14:10:52,416,-,-,-,-,-,支払い,ファミリーマート - 矢向,PayPay残高,-,-,04918523120946143235
2026/02/22 14:10:52,-,4,-,-,-,-,ポイント、残高の獲得,ファミリーマート,PayPayポイント,-,-,04918523120946143235
2026/02/22 04:37:28,-,30,-,-,-,-,ポイント、残高の獲得,セブン-イレブン,PayPayポイント,-,-,04918227584247054336
2026/02/22 04:37:28,"3,282",-,-,-,-,-,支払い,セブン-イレブン - 中野中央桃園川,"PayPayポイント (119円), PayPay残高 (3,163円)",-,-,04918227584247054336
2026/02/22 04:37:00,-,"5,000",-,-,-,-,チャージ,PayPay,ゆうちょ銀行 *****41,-,-,02207079072967475200
2026/02/22 04:08:13,"11,000",-,-,-,-,-,送った金額,宮元健斗だよ,PayPay残高,-,-,02207064229560795137
2026/02/22 04:08:10,-,"10,000",-,-,-,-,チャージ,PayPay,ゆうちょ銀行 *****41,-,-,02207064203790688256
2026/02/22 01:13:29,"10,800",-,-,-,-,-,送った金額,宮元健斗だよ,PayPay残高,-,-,02206974181276303364
2026/02/22 01:10:04,-,"10,000",-,-,-,-,チャージ,PayPay,ゆうちょ銀行 *****41,-,-,02206972411749343237
2026/02/21 22:15:40,-,60,-,-,-,-,ポイント、残高の獲得,ASOBIBAR,PayPayポイント,-,-,04918030806024970245
2026/02/21 22:15:40,"6,000",-,-,-,-,-,支払い,ASOBIBAR - 恵比寿西口駅前店,PayPay残高,-,-,04918030806024970245
2026/02/21 22:15:16,-,"6,000",-,-,-,-,チャージ,PayPay,ゆうちょ銀行 *****41,-,-,02206882329105547273
2026/02/21 21:23:14,"3,500",-,-,-,-,-,送った金額,宮元健斗だよ,PayPay残高,-,-,02206855502740144142
2026/02/21 21:23:12,-,"5,000",-,-,-,-,チャージ,PayPay,ゆうちょ銀行 *****41,-,-,02206855485559980051
2026/02/21 17:55:35,300,-,-,-,-,-,支払い,セブン-イレブン - 横浜矢向,PayPay残高,-,-,04917896768685441026
2026/02/21 17:55:35,-,2,-,-,-,-,ポイント、残高の獲得,セブン-イレブン,PayPayポイント,-,-,04917896768685441026
2026/02/21 17:46:55,"2,304",-,-,-,-,-,支払い,ウエルシア - ハックドラッグ矢向駅前店,PayPay残高,-,-,04917892301919952896
2026/02/21 17:46:55,-,22,-,-,-,-,ポイント、残高の獲得,ウエルシア,PayPayポイント,-,-,04917892301919952896
2026/02/21 17:30:04,-,2,-,-,-,-,ポイント、残高の獲得,ラゾーナ川崎プラザ,PayPayポイント,-,-,04917883608906252300
2026/02/21 17:30:04,220,-,-,-,-,-,支払い,ラゾーナ川崎プラザ,PayPay残高,-,-,04917883608906252300
2026/02/21 16:32:40,"8,400",-,-,-,-,-,支払い,azur - Lond azur,PayPay残高,-,-,04917854033760854021
2026/02/21 16:32:40,-,84,-,-,-,-,ポイント、残高の獲得,azur,PayPayポイント,-,-,04917854033760854021
2026/02/21 16:32:30,-,"8,400",-,-,-,-,チャージ,PayPay,ゆうちょ銀行 *****41,-,-,02206705668510507023
2026/02/21 15:16:25,-,2,-,-,-,-,ポイント、残高の獲得,ローソン,PayPayポイント,-,-,04917814726220111882
2026/02/21 15:16:25,254,-,-,-,-,-,支払い,ローソン - 横浜岡野町,"PayPayポイント (7円), PayPay残高 (247円)",-,-,04917814726220111882
2026/02/21 00:09:41,500,-,-,-,-,-,送った金額,宮元健斗だよ,PayPay残高,-,-,02206199120068247558
2026/02/20 22:23:05,160,-,-,-,-,-,送った金額,宮元健斗だよ,PayPay残高,-,-,02206144178846015496
2026/02/20 22:11:32,"1,200",-,-,-,-,-,支払い,松本湯 - 松本湯,PayPay残高,-,-,04917286513962262528
2026/02/20 22:11:32,-,12,-,-,-,-,ポイント、残高の獲得,松本湯,PayPayポイント,-,-,04917286513962262528
2026/02/20 21:50:52,"1,490",-,-,-,-,-,送った金額,宮元健斗だよ,PayPay残高,-,-,02206127574502965276
2026/02/20 20:19:20,148,-,-,-,-,-,支払い,NewDays - NewDays武蔵小杉,PayPay残高,-,-,04917228686522212352
2026/02/20 18:46:14,"4,700",-,-,-,-,-,支払い,川崎耳鼻咽喉科 - 川崎耳鼻咽喉科,PayPay残高,-,-,04917180694557933569
2026/02/20 18:46:13,-,46,-,-,-,-,ポイント、残高の獲得,川崎耳鼻咽喉科,PayPayポイント,-,-,04917180694557933569
2026/02/20 14:32:43,-,4,-,-,-,-,ポイント、残高の獲得,ローソン,PayPayポイント,-,-,04917050033063354376
2026/02/20 14:32:43,519,-,-,-,-,-,支払い,ローソン - 吾妻橋三丁目,PayPay残高,-,-,04917050033063354376
2026/02/20 11:07:29,"1,233",-,-,-,-,-,支払い,ファミリーマート - 矢向二丁目,"PayPayポイント (31円), PayPay残高 (1,202円)",-,-,04916944256608157697
2026/02/20 11:07:28,-,12,-,-,-,-,ポイント、残高の獲得,ファミリーマート,PayPayポイント,-,-,04916944256608157697
2026/02/19 23:54:14,711,-,-,-,-,-,支払い,ファミリーマート - 中野桃園,PayPay残高,-,-,04916597266200444928
2026/02/19 23:54:13,-,6,-,-,-,-,ポイント、残高の獲得,ファミリーマート,PayPayポイント,-,-,04916597266200444928
2026/02/19 15:08:27,580,-,-,-,-,-,支払い,サンマルクカフェ - サンマルクカフェ三軒茶屋店,PayPay残高,-,-,04916326279534092291
2026/02/19 15:08:26,-,4,-,-,-,-,ポイント、残高の獲得,サンマルクカフェ,PayPayポイント,-,-,04916326279534092291
2026/02/19 14:53:07,110,-,-,-,-,-,支払い,セリア - 2441西友三軒茶屋店,"PayPayポイント (17円), PayPay残高 (93円)",-,-,04916318376794062855
2026/02/19 02:52:35,-,"4,825",-,-,-,JP,受け取った金額,オノ,PayPay残高,-,-,02204798737391001600
2026/02/19 00:17:34,516,-,-,-,-,-,支払い,ファミリーマート - 中野中央五丁目,PayPay残高,-,-,04915867130349993985
2026/02/19 00:17:34,-,4,-,-,-,-,ポイント、残高の獲得,ファミリーマート,PayPayポイント,-,-,04915867130349993985
2026/02/18 19:44:07,-,"4,825",-,-,-,JP,受け取った金額,たいらおかだ,PayPay残高,-,-,02204577915941863430
2026/02/18 19:29:04,-,"4,825",-,-,-,JP,受け取った金額,宮元健斗だよ,PayPay残高,-,-,02204570150641090564
2026/02/18 19:22:26,620,-,-,-,-,-,支払い,サンマルクカフェ - サンマルクカフェ三軒茶屋店,"PayPayポイント (117円), PayPay残高 (503円)",-,-,04915715019787755520
2026/02/18 19:22:26,-,4,-,-,-,-,ポイント、残高の獲得,サンマルクカフェ,PayPayポイント,-,-,04915715019787755520
2026/02/18 00:51:53,"1,622",-,-,-,-,-,支払い,ファミリーマート - 三軒茶屋二丁目,PayPay残高,-,-,04915142646675587072
2026/02/18 00:51:53,-,16,-,-,-,-,ポイント、残高の獲得,ファミリーマート,PayPayポイント,-,-,04915142646675587072
2026/02/18 00:31:38,"5,100",-,-,-,-,-,支払い,Cafe ＆ SHISHA BAR oranger,PayPay残高,-,-,04915132209905393665
2026/02/18 00:31:38,-,50,-,-,-,-,ポイント、残高の獲得,Cafe ＆ SHISHA BAR oranger,PayPayポイント,-,-,04915132209905393665
2026/02/18 00:31:28,-,"6,000",-,-,-,-,チャージ,PayPay,ゆうちょ銀行 *****41,-,-,02203983836064964608
2026/02/17 21:21:31,320,-,-,-,-,-,支払い,サンマルクカフェ - サンマルクカフェ三軒茶屋店,PayPay残高,-,-,04915034224521748480
2026/02/17 21:21:31,-,2,-,-,-,-,ポイント、残高の獲得,サンマルクカフェ,PayPayポイント,-,-,04915034224521748480
2026/02/17 19:27:21,-,10,-,-,-,-,ポイント、残高の獲得,セブン-イレブン,PayPayポイント,-,-,04914975374879383554
2026/02/17 19:27:21,"1,037",-,-,-,-,-,支払い,セブン-イレブン - 世田谷上馬２丁目,PayPay残高,-,-,04914975374879383554
2026/02/17 14:26:35,"1,408",-,-,-,-,-,支払い,ロイヤルフードサービス - ロイヤルホスト大倉山店,"PayPayポイント (7円), PayPay残高 (1,401円)",-,-,04914820369509924866
2026/02/17 14:26:35,-,14,-,-,-,-,ポイント、残高の獲得,ロイヤルフードサービス,PayPayポイント,-,-,04914820369509924866
2026/02/16 23:58:49,374,-,-,-,-,-,支払い,ファミリーマート - 三軒茶屋二丁目,PayPay残高,-,-,04914373117385007105
2026/02/16 23:58:48,-,2,-,-,-,-,ポイント、残高の獲得,ファミリーマート,PayPayポイント,-,-,04914373117385007105
2026/02/16 20:40:05,-,8,-,-,-,-,ポイント、残高の獲得,ファミリーマート,PayPayポイント,-,-,04914270691004465156
2026/02/16 20:40:05,842,-,-,-,-,-,支払い,ファミリーマート - 三軒茶屋二丁目,PayPay残高,-,-,04914270691004465156
2026/02/16 18:03:05,"1,040",-,-,-,-,-,支払い,サンマルクカフェ - サンマルクカフェ三軒茶屋店,PayPay残高,-,-,04914189782409887753
2026/02/16 18:03:05,-,10,-,-,-,-,ポイント、残高の獲得,サンマルクカフェ,PayPayポイント,-,-,04914189782409887753
2026/02/16 12:16:05,"1,089",-,-,-,-,-,支払い,セブン-イレブン - 世田谷上馬２丁目,"PayPayポイント (11円), PayPay残高 (1,078円)",-,-,04914010939972550656
2026/02/16 12:16:05,-,10,-,-,-,-,ポイント、残高の獲得,セブン-イレブン,PayPayポイント,-,-,04914010939972550656
2026/02/15 22:42:45,-,2,-,-,-,-,ポイント、残高の獲得,ローソン,PayPayポイント,-,-,04913591742574305287
2026/02/15 22:42:45,398,-,-,-,-,-,支払い,ローソン - 世田谷三軒茶屋一丁目,PayPay残高,-,-,04913591742574305287
2026/02/15 19:55:55,733,-,-,-,-,-,支払い,ファミリーマート - 三軒茶屋二丁目,PayPay残高,-,-,04913505757328646146
2026/02/15 19:55:54,-,6,-,-,-,-,ポイント、残高の獲得,ファミリーマート,PayPayポイント,-,-,04913505757328646146
2026/02/15 18:24:55,-,"1,014",-,-,-,-,ポイント、残高の獲得,ニトリ,PayPayポイント,-,-,04913458856285970438
2026/02/15 18:24:55,"101,570",-,-,-,-,-,支払い,ニトリ - ニトリ横浜鶴見店,PayPay残高,-,-,04913458856285970438
2026/02/15 18:24:50,-,"110,000",-,-,-,-,チャージ,PayPay,ゆうちょ銀行 *****41,-,-,02202310533984944155
2026/02/15 17:20:07,-,2,-,-,-,-,ポイント、残高の獲得,セブン-イレブン,PayPayポイント,-,-,04913425458620743687
2026/02/15 17:20:07,383,-,-,-,-,-,支払い,セブン-イレブン - 横浜矢向,PayPay残高,-,-,04913425458620743687
2026/02/15 17:20:03,-,"1,000",-,-,-,-,チャージ,PayPay,ゆうちょ銀行 *****41,-,-,02202277153499521028
2026/02/15 14:50:02,-,8,-,-,-,-,ポイント、残高の獲得,セブン-イレブン,PayPayポイント,-,-,04913348106259423240
2026/02/15 14:50:02,867,-,-,-,-,-,支払い,セブン-イレブン - 世田谷上馬２丁目,PayPay残高,-,-,04913348106259423240
2026/02/15 05:29:56,-,26,-,-,-,-,ポイント、残高の獲得,一蘭,PayPayポイント,-,-,04913059432917745664
2026/02/15 05:29:56,"2,610",-,-,-,-,-,支払い,一蘭 - 一蘭　渋谷店,"PayPayポイント (5円), PayPay残高 (2,605円)",-,-,04913059432917745664
2026/02/15 05:29:47,-,"3,000",-,-,-,-,チャージ,PayPay,ゆうちょ銀行 *****41,-,-,02201911084846907392
2026/02/14 22:48:04,"10,000",-,-,-,-,-,送った金額,はるき,PayPay残高,-,-,02201704041653256192
2026/02/14 22:46:59,-,"10,000",-,-,-,-,チャージ,PayPay,ゆうちょ銀行 *****41,-,-,02201703474717614090
2026/02/14 16:13:16,116,-,-,-,-,-,支払い,セブン-イレブン - 横浜矢向,PayPay残高,-,-,04912648834044321799
2026/02/14 14:16:30,980,-,-,-,-,-,支払い,麺屋あびすけ - 矢向店,"PayPayポイント (4円), PayPay残高 (976円)",-,-,04912588661552005125
2026/02/14 14:16:30,-,8,-,-,-,-,ポイント、残高の獲得,麺屋あびすけ,PayPayポイント,-,-,04912588661552005125
2026/02/13 13:36:51,524,-,-,-,-,-,支払い,セブン-イレブン - 世田谷三軒茶屋２丁目,"PayPayポイント (5円), PayPay残高 (519円)",-,-,04911826055749271557
2026/02/13 13:36:51,-,4,-,-,-,-,ポイント、残高の獲得,セブン-イレブン,PayPayポイント,-,-,04911826055749271557
2026/02/12 20:03:32,"11,960",-,-,-,-,-,支払い,ペアライフクリニック - 渋谷院,"PayPayポイント (6円), PayPay残高 (11,954円)",-,-,04911283180471984129
2026/02/12 20:03:32,-,118,-,-,-,-,ポイント、残高の獲得,ペアライフクリニック,PayPayポイント,-,-,04911283180471984129
2026/02/12 20:03:31,-,"10,000",-,-,-,-,チャージ,PayPay,ゆうちょ銀行 *****41,-,-,02200134883941629962
2026/02/12 01:34:25,619,-,-,-,-,-,支払い,ファミリーマート - 三軒茶屋二丁目,PayPay残高,-,-,04910711546094714882
2026/02/12 01:34:25,-,6,-,-,-,-,ポイント、残高の獲得,ファミリーマート,PayPayポイント,-,-,04910711546094714882
2026/02/11 18:07:12,-,8,-,-,-,-,ポイント、残高の獲得,ファミリーマート,PayPayポイント,-,-,04910481043788791816
2026/02/11 18:07:12,813,-,-,-,-,-,支払い,ファミリーマート - 三軒茶屋二丁目,"PayPayポイント (9円), PayPay残高 (804円)",-,-,04910481043788791816
2026/02/09 20:16:06,-,6,-,-,-,-,ポイント、残高の獲得,セブン-イレブン,PayPayポイント,-,-,04909063137645658115
2026/02/09 20:16:06,600,-,-,-,-,-,支払い,セブン-イレブン - 世田谷上馬２丁目,PayPay残高,-,-,04909063137645658115
2026/02/09 17:18:02,"14,500",-,-,-,-,-,支払い,椿クリニック - 銀座院,"PayPayポイント (3円), PayPay残高 (14,497円)",-,-,04908971362784665603
2026/02/09 17:18:01,-,144,-,-,-,-,ポイント、残高の獲得,椿クリニック,PayPayポイント,-,-,04908971362784665603
2026/02/09 17:17:02,-,"20,000",-,-,-,-,チャージ,PayPay,ゆうちょ銀行 *****41,-,-,02197822576628596746
2026/02/09 00:32:56,"1,185",-,-,-,-,-,支払い,ファミリーマート - 三軒茶屋二丁目,PayPay残高,-,-,04908453346779422720
2026/02/09 00:32:56,-,10,-,-,-,-,ポイント、残高の獲得,ファミリーマート,PayPayポイント,-,-,04908453346779422720
2026/02/09 00:32:50,-,"1,000",-,-,-,-,チャージ,PayPay,ゆうちょ銀行 *****41,-,-,02197305007299862540
2026/02/08 18:32:56,"2,750",-,-,-,-,-,支払い,西友 - 三軒茶屋店,PayPay残高,-,-,04908267804192292867
2026/02/08 18:32:56,-,26,-,-,-,-,ポイント、残高の獲得,西友,PayPayポイント,-,-,04908267804192292867
2026/02/08 18:32:52,-,"3,000",-,-,-,-,チャージ,PayPay,ゆうちょ銀行 *****41,-,-,02197119481891995670
2026/02/08 18:15:35,-,8,-,-,-,-,ポイント、残高の獲得,マツモトキヨシ,PayPayポイント,-,-,04908258853479538693
2026/02/08 18:15:35,880,-,-,-,-,-,支払い,マツモトキヨシ - マツモトキヨシ三軒茶屋店,PayPay残高,-,-,04908258853479538693
2026/02/08 16:39:34,385,-,-,-,-,-,支払い,ファミリーマート - 三軒茶屋二丁目,PayPay残高,-,-,04908209366866771974
2026/02/08 16:39:33,-,2,-,-,-,-,ポイント、残高の獲得,ファミリーマート,PayPayポイント,-,-,04908209366866771974
2026/02/08 15:32:59,250,-,-,-,-,-,支払い,セブン-イレブン - 横浜矢向,PayPay残高,-,-,04908175058668593154
2026/02/08 15:32:59,-,2,-,-,-,-,ポイント、残高の獲得,セブン-イレブン,PayPayポイント,-,-,04908175058668593154
2026/02/08 01:44:10,"1,152",-,-,-,-,-,支払い,ファミリーマート - 三軒茶屋二丁目,PayPay残高,-,-,04907747889810300928
2026/02/08 01:44:10,-,10,-,-,-,-,ポイント、残高の獲得,ファミリーマート,PayPayポイント,-,-,04907747889810300928
2026/02/08 01:32:48,"7,854",-,-,-,-,-,支払い,Charcoal - Charcoal　三軒茶屋店,PayPay残高,-,-,04907742031475302400
2026/02/08 01:32:48,-,78,-,-,-,-,ポイント、残高の獲得,Charcoal,PayPayポイント,-,-,04907742031475302400
2026/02/08 01:32:17,-,"10,000",-,-,-,-,チャージ,PayPay,ゆうちょ銀行 *****41,-,-,02196593485837737986
2026/02/07 18:12:29,813,-,-,-,-,-,支払い,ファミリーマート - 三軒茶屋二丁目,"PayPayポイント (14円), PayPay残高 (799円)",-,-,04907515085403832322
2026/02/07 18:12:28,-,6,-,-,-,-,ポイント、残高の獲得,ファミリーマート,PayPayポイント,-,-,04907515085403832322
2026/02/07 16:34:25,"20,360",-,-,-,-,-,送った金額,宮元健斗だよ,PayPay残高,-,-,02196316262878134277
2026/02/07 16:34:22,-,"20,000",-,-,-,-,チャージ,PayPay,ゆうちょ銀行 *****41,-,-,02196316245698887698
2026/02/06 02:09:42,-,2,-,-,-,-,ポイント、残高の獲得,ファミリーマート,PayPayポイント,-,-,04906276700302712836
2026/02/06 02:09:42,374,-,-,-,-,-,支払い,ファミリーマート - 三軒茶屋二丁目,PayPay残高,-,-,04906276700302712836
2026/02/05 21:25:10,645,-,-,-,-,-,支払い,セブン-イレブン - 世田谷上馬２丁目,PayPay残高,-,-,04906130061529210883
2026/02/05 21:25:10,-,6,-,-,-,-,ポイント、残高の獲得,セブン-イレブン,PayPayポイント,-,-,04906130061529210883
2026/02/05 16:55:30,315,-,-,-,-,-,支払い,セブン-イレブン - 世田谷上馬２丁目,PayPay残高,-,-,04905991076387889155
2026/02/05 16:55:30,-,2,-,-,-,-,ポイント、残高の獲得,セブン-イレブン,PayPayポイント,-,-,04905991076387889155
2026/02/05 01:55:13,"3,000",-,-,-,-,JP,送った金額,うめ,PayPay残高,-,-,02194378794541572096
2026/02/05 00:18:30,"11,000",-,-,-,-,-,送った金額,rin********,PayPay残高,-,-,02194328938561208325
2026/02/05 00:15:08,-,"10,000",-,-,-,-,チャージ,PayPay,ゆうちょ銀行 *****41,-,-,02194327203393961992
2026/02/04 00:38:46,"2,093",-,-,-,-,-,支払い,ファミリーマート - 三軒茶屋二丁目,PayPay残高,-,-,04904745501511794688
2026/02/04 00:38:46,-,20,-,-,-,-,ポイント、残高の獲得,ファミリーマート,PayPayポイント,-,-,04904745501511794688
2026/02/03 23:56:22,-,"4,300",-,-,-,JP,受け取った金額,tomori,PayPay残高,-,-,02193575369369214976
2026/02/03 23:55:37,-,"4,300",-,-,-,JP,受け取った金額,ほっともっと,PayPay残高,-,-,02193574982821593088
2026/02/03 16:52:07,240,-,-,-,-,-,支払い,ファミリーマート - 三軒茶屋二丁目,PayPay残高,-,-,04904504991933841416
2026/02/03 16:52:07,-,2,-,-,-,-,ポイント、残高の獲得,ファミリーマート,PayPayポイント,-,-,04904504991933841416
2026/02/02 12:52:47,"2,298",-,-,-,-,-,支払い,東急ストア - クイジーヌ・ハビッツ　三軒茶屋とうきゅう,PayPay残高,-,-,04903639461533007878
2026/02/02 12:52:46,-,22,-,-,-,-,ポイント、残高の獲得,東急ストア,PayPayポイント,-,-,04903639461533007878
2026/02/02 12:52:26,-,"3,000",-,-,-,-,チャージ,PayPay,ゆうちょ銀行 *****41,-,-,02192491001794854932
2026/02/02 12:50:01,"1,835",-,-,-,-,-,支払い,東急ストア - カルディコーヒーファーム　三軒茶屋とうきゅう,PayPay残高,-,-,04903638044193660931
2026/02/02 12:50:01,-,18,-,-,-,-,ポイント、残高の獲得,東急ストア,PayPayポイント,-,-,04903638044193660931
2026/02/02 12:49:51,-,"2,000",-,-,-,-,チャージ,PayPay,ゆうちょ銀行 *****41,-,-,02192489670355296277
2026/02/01 23:55:18,432,-,-,-,-,-,支払い,セブン-イレブン - 世田谷三軒茶屋２丁目,PayPay残高,-,-,04903238758264750080
2026/02/01 23:55:18,-,2,-,-,-,-,ポイント、残高の獲得,セブン-イレブン,PayPayポイント,-,-,04903238758264750080
2026/02/01 17:58:33,645,-,-,-,-,-,支払い,セブン-イレブン - 世田谷上馬２丁目,"PayPayポイント (2円), PayPay残高 (643円)",-,-,04903054890714537984
2026/02/01 17:58:33,-,3,-,-,-,-,ポイント、残高の獲得,セブン-イレブン,PayPayポイント,-,-,04903054890714537984
2026/02/01 06:56:35,"3,333",-,-,-,-,-,送った金額,宮元健斗だよ,PayPay残高,-,-,02191565436341837828
2026/02/01 06:56:22,-,"4,000",-,-,-,-,チャージ,PayPay,ゆうちょ銀行 *****41,-,-,02191565316083482626
2026/02/01 00:39:43,"6,000",-,-,-,-,-,支払い,ASOBIBAR - 新宿歌舞伎町タワー前店,PayPay残高,-,-,04902519480090648576
2026/02/01 00:39:43,-,30,-,-,-,-,ポイント、残高の獲得,ASOBIBAR,PayPayポイント,-,-,04902519480090648576
2026/02/01 00:39:09,-,"6,000",-,-,-,-,チャージ,PayPay,ゆうちょ銀行 *****41,-,-,02191370900094156804
2026/01/31 12:49:00,578,-,-,-,-,-,支払い,ファミリーマート - 銀座二丁目,PayPay残高,-,-,04902153179510857732
2026/01/31 12:49:00,-,2,-,-,-,-,ポイント、残高の獲得,ファミリーマート,PayPayポイント,-,-,04902153179510857732
2026/01/30 22:58:09,844,-,-,-,-,-,支払い,吉野家 - 三軒茶屋店,PayPay残高,-,-,04901724962681348098
2026/01/30 22:58:09,-,4,-,-,-,-,ポイント、残高の獲得,吉野家,PayPayポイント,-,-,04901724962681348098
2026/01/30 01:20:43,-,8,-,-,-,-,ポイント、残高の獲得,ファミリーマート,PayPayポイント,-,-,04901056262042943495
2026/01/30 01:20:43,"1,752",-,-,-,-,-,支払い,ファミリーマート - 三軒茶屋二丁目,PayPay残高,-,-,04901056262042943495
2026/01/29 22:55:01,-,5,-,-,-,-,ポイント、残高の獲得,セブン-イレブン,PayPayポイント,-,-,04900981168834453509
2026/01/29 22:55:01,"1,103",-,-,-,-,-,支払い,セブン-イレブン - 世田谷上馬２丁目,PayPay残高,-,-,04900981168834453509
2026/01/29 17:57:56,-,500,-,-,-,JP,受け取った金額,Ryoma,PayPay残高,-,-,02189679773901316101
2026/01/29 11:54:27,443,-,-,-,-,-,支払い,セブン-イレブン - 世田谷三軒茶屋２丁目,"PayPayポイント (38円), PayPay残高 (405円)",-,-,04900640723957030913
2026/01/29 11:54:27,-,2,-,-,-,-,ポイント、残高の獲得,セブン-イレブン,PayPayポイント,-,-,04900640723957030913
2026/01/29 02:32:16,-,1,-,-,-,-,ポイント、残高の獲得,ファミリーマート,PayPayポイント,-,-,04900350968282611714
2026/01/29 02:32:16,303,-,-,-,-,-,支払い,ファミリーマート - 三軒茶屋二丁目,PayPay残高,-,-,04900350968282611714
2026/01/28 22:47:07,365,-,-,-,-,-,支払い,セブン-イレブン - 世田谷三軒茶屋２丁目,"PayPayポイント (44円), PayPay残高 (321円)",-,-,04900234935446282240
2026/01/28 22:47:07,-,1,-,-,-,-,ポイント、残高の獲得,セブン-イレブン,PayPayポイント,-,-,04900234935446282240
2026/01/27 17:30:25,626,-,-,-,-,-,支払い,ファミリーマート - 三軒茶屋二丁目,PayPay残高,-,-,04899329539160317952
2026/01/27 17:30:25,-,3,-,-,-,-,ポイント、残高の獲得,ファミリーマート,PayPayポイント,-,-,04899329539160317952
2026/01/27 16:15:45,-,220,-,-,-,-,ポイント、残高の獲得,ＦＡＣＥＳＫＩＮＣＬＩＮＩＣ池袋,PayPayポイント,-,-,04899291047663927305
2026/01/27 16:15:45,"44,000",-,-,-,-,-,支払い,ＦＡＣＥＳＫＩＮＣＬＩＮＩＣ池袋 - ＦＡＣＥＳＫＩＮＣＬＩＮＩＣ池袋,PayPay残高,-,-,04899291047663927305
2026/01/27 16:15:32,-,"50,000",-,-,-,-,チャージ,PayPay,ゆうちょ銀行 *****41,-,-,02188142665235267592
2026/01/26 21:54:54,835,-,-,-,-,-,支払い,ファミリーマート - 三軒茶屋二丁目,PayPay残高,-,-,04898723673894100995
2026/01/26 21:54:53,-,4,-,-,-,-,ポイント、残高の獲得,ファミリーマート,PayPayポイント,-,-,04898723673894100995
2026/01/26 21:54:49,-,"1,000",-,-,-,-,チャージ,PayPay,ゆうちょ銀行 *****41,-,-,02187575351595032609
2026/01/26 09:37:08,230,-,-,-,-,-,支払い,ローソン - 熊本北郵便局前,PayPay残高,-,-,04898343431849590792
2026/01/26 09:37:07,-,1,-,-,-,-,ポイント、残高の獲得,ローソン,PayPayポイント,-,-,04898343431849590792
2026/01/25 20:20:06,957,-,-,-,-,-,支払い,スターバックス コーヒー - TSUTAYA BOOKSTORE 菊陽店,PayPay残高,-,-,04897932643996901379
2026/01/25 20:20:05,-,4,-,-,-,-,ポイント、残高の獲得,スターバックス コーヒー,PayPayポイント,-,-,04897932643996901379
2026/01/25 13:57:22,-,950,-,-,-,JP,受け取った金額,ゆち,PayPay残高,-,-,02186587105389568006
2026/01/25 13:56:53,-,10,-,-,-,-,ポイント、残高の獲得,たかもとや,PayPayポイント,-,-,04897735135630934025
2026/01/25 13:56:53,"2,000",-,-,-,-,-,支払い,たかもとや - たかもとや　光の森店,PayPay残高,-,-,04897735135630934025
2026/01/25 13:56:24,-,"2,000",-,-,-,-,チャージ,PayPay,ゆうちょ銀行 *****41,-,-,02186586615763804160
2026/01/24 21:55:47,-,8,-,-,-,-,ポイント、残高の獲得,ドラッグストアモリ,PayPayポイント,-,-,04897239788463587331
2026/01/24 21:55:47,"1,619",-,-,-,-,-,支払い,ドラッグストアモリ - 光の森店,PayPay残高,-,-,04897239788463587331
2026/01/24 21:55:43,-,"1,000",-,-,-,-,チャージ,PayPay,ゆうちょ銀行 *****41,-,-,02186091483344068608
2026/01/23 17:30:09,626,-,-,-,-,-,支払い,日本空港ビルデング - 00東京食賓館Ｂ,PayPay残高,-,-,04896360720326656002
2026/01/23 17:30:09,-,3,-,-,-,-,ポイント、残高の獲得,日本空港ビルデング,PayPayポイント,-,-,04896360720326656002
2026/01/23 17:28:36,"8,640",-,-,-,-,-,支払い,日本空港ビルデング - 00東京食賓館Ｂ,PayPay残高,-,-,04896359921462435842
2026/01/23 17:28:36,-,43,-,-,-,-,ポイント、残高の獲得,日本空港ビルデング,PayPayポイント,-,-,04896359921462435842
2026/01/23 17:28:27,-,"5,000",-,-,-,-,チャージ,PayPay,ゆうちょ銀行 *****41,-,-,02185211564804374528
2026/01/23 15:56:11,375,-,-,-,-,-,支払い,ファミリーマート - 三軒茶屋二丁目,PayPay残高,-,-,04896312290275844098
2026/01/23 15:56:11,-,1,-,-,-,-,ポイント、残高の獲得,ファミリーマート,PayPayポイント,-,-,04896312290275844098
2026/01/23 02:06:07,-,7,-,-,-,-,ポイント、残高の獲得,ファミリーマート,PayPayポイント,-,-,04895884468583030785
2026/01/23 02:06:07,"1,587",-,-,-,-,-,支払い,ファミリーマート - 三軒茶屋二丁目,PayPay残高,-,-,04895884468583030785
2026/01/23 01:39:13,"13,030",-,-,-,-,-,支払い,Hide　Out新宿靖国通り店 - Hide　Out新宿靖国通り店,PayPay残高,-,-,04895870613018779648
2026/01/23 01:39:13,-,65,-,-,-,-,ポイント、残高の獲得,Hide　Out新宿靖国通り店,PayPayポイント,-,-,04895870613018779648
2026/01/23 01:39:02,-,"20,000",-,-,-,-,チャージ,PayPay,ゆうちょ銀行 *****41,-,-,02184722230590095361
2026/01/22 18:39:03,457,-,-,-,-,-,支払い,セブン-イレブン - 世田谷上馬２丁目,PayPay残高,-,-,04895654060767674369
2026/01/22 18:39:03,-,2,-,-,-,-,ポイント、残高の獲得,セブン-イレブン,PayPayポイント,-,-,04895654060767674369
2026/01/22 10:31:58,"1,050",-,-,-,-,-,支払い,セブン-イレブン - 世田谷三軒茶屋２丁目,"PayPayポイント (6円), PayPay残高 (1,044円)",-,-,04895403019929092099
2026/01/22 10:31:58,-,5,-,-,-,-,ポイント、残高の獲得,セブン-イレブン,PayPayポイント,-,-,04895403019929092099
2026/01/21 20:44:13,"3,218",-,-,-,-,-,支払い,ファミリーマート - 渋谷本町四丁目,PayPay残高,-,-,04894976400826392580
2026/01/21 20:44:13,-,16,-,-,-,-,ポイント、残高の獲得,ファミリーマート,PayPayポイント,-,-,04894976400826392580
2026/01/21 20:44:07,-,"5,000",-,-,-,-,チャージ,PayPay,ゆうちょ銀行 *****41,-,-,02183828069938741259
2026/01/21 20:40:33,"3,090",-,-,-,-,-,支払い,ニューナマステインディア - 西新宿,"PayPayポイント (8円), PayPay残高 (3,082円)",-,-,04894974511041429504
2026/01/21 20:40:33,-,15,-,-,-,-,ポイント、残高の獲得,ニューナマステインディア,PayPayポイント,-,-,04894974511041429504
2026/01/20 21:36:32,875,-,-,-,-,-,支払い,ファミリーマート - 三軒茶屋二丁目,PayPay残高,-,-,04894261194282057729
2026/01/20 21:36:32,-,4,-,-,-,-,ポイント、残高の獲得,ファミリーマート,PayPayポイント,-,-,04894261194282057729
2026/01/20 18:29:42,"1,738",-,-,-,-,-,支払い,ミネドラッグ - ミネドラッグ　三軒茶屋店,PayPay残高,-,-,04894164901115887616
2026/01/20 18:29:42,-,8,-,-,-,-,ポイント、残高の獲得,ミネドラッグ,PayPayポイント,-,-,04894164901115887616
2026/01/20 15:20:59,648,-,-,-,-,-,支払い,セブン-イレブン - 世田谷三軒茶屋２丁目,"PayPayポイント (18円), PayPay残高 (630円)",-,-,04894067637286043648
2026/01/20 15:20:59,-,3,-,-,-,-,ポイント、残高の獲得,セブン-イレブン,PayPayポイント,-,-,04894067637286043648
2026/01/20 02:07:50,-,2,-,-,-,-,ポイント、残高の獲得,セブン-イレブン,PayPayポイント,-,-,04893658842298277890
2026/01/20 02:07:50,560,-,-,-,-,-,支払い,セブン-イレブン - 世田谷上馬２丁目,PayPay残高,-,-,04893658842298277890
2026/01/19 20:19:46,722,-,-,-,-,-,支払い,ファミリーマート - 三軒茶屋二丁目,PayPay残高,-,-,04893479450105053189
2026/01/19 20:19:45,-,3,-,-,-,-,ポイント、残高の獲得,ファミリーマート,PayPayポイント,-,-,04893479450105053189
2026/01/19 19:21:24,"22,860",-,-,-,-,-,支払い,LedianClinic - LedianClinic,"PayPayポイント (16円), PayPay残高 (22,844円)",-,-,04893449376743227392
2026/01/19 19:21:24,-,114,-,-,-,-,ポイント、残高の獲得,LedianClinic,PayPayポイント,-,-,04893449376743227392
2026/01/19 19:21:13,-,"30,000",-,-,-,-,チャージ,PayPay,ゆうちょ銀行 *****41,-,-,02182301002906001410
2026/01/18 22:36:20,375,-,-,-,-,-,支払い,セブン-イレブン - 世田谷上馬２丁目,PayPay残高,-,-,04892807674268712962
2026/01/18 22:36:20,-,1,-,-,-,-,ポイント、残高の獲得,セブン-イレブン,PayPayポイント,-,-,04892807674268712962
2026/01/18 17:43:47,-,3,-,-,-,-,ポイント、残高の獲得,ファミリーマート,PayPayポイント,-,-,04892656886556311559
2026/01/18 17:43:47,752,-,-,-,-,-,支払い,ファミリーマート - 三軒茶屋二丁目,"PayPayポイント (8円), PayPay残高 (744円)",-,-,04892656886556311559
2026/01/18 17:43:43,-,"1,000",-,-,-,-,チャージ,PayPay,ゆうちょ銀行 *****41,-,-,02181508572847767568
2026/01/18 01:09:59,-,3,-,-,-,-,ポイント、残高の獲得,ファミリーマート,PayPayポイント,-,-,04892144685936926722
2026/01/18 01:09:59,789,-,-,-,-,-,支払い,ファミリーマート - 三軒茶屋二丁目,PayPay残高,-,-,04892144685936926722
2026/01/17 18:48:27,365,-,-,-,-,-,支払い,セブン-イレブン - 世田谷上馬２丁目,PayPay残高,-,-,04891948045154000901
2026/01/17 18:48:26,-,1,-,-,-,-,ポイント、残高の獲得,セブン-イレブン,PayPayポイント,-,-,04891948045154000901
2026/01/17 14:23:47,-,2,-,-,-,-,ポイント、残高の獲得,サンマルクカフェ,PayPayポイント,-,-,04891811636992778253
2026/01/17 14:23:47,520,-,-,-,-,-,支払い,サンマルクカフェ - サンマルクカフェ三軒茶屋店,PayPay残高,-,-,04891811636992778253
2026/01/17 14:20:19,968,-,-,-,-,-,支払い,ミネドラッグ - ミネドラッグ　三軒茶屋店,"PayPayポイント (8円), PayPay残高 (960円)",-,-,04891809858876342272
2026/01/17 14:20:19,-,4,-,-,-,-,ポイント、残高の獲得,ミネドラッグ,PayPayポイント,-,-,04891809858876342272
2026/01/17 14:20:03,-,"3,000",-,-,-,-,チャージ,PayPay,ゆうちょ銀行 *****41,-,-,02180661442088198152
2026/01/17 00:27:42,977,-,-,-,-,-,支払い,セブン-イレブン - 世田谷上馬２丁目,PayPay残高,-,-,04891380731514265600
2026/01/17 00:27:42,-,4,-,-,-,-,ポイント、残高の獲得,セブン-イレブン,PayPayポイント,-,-,04891380731514265600
2026/01/17 00:27:36,-,"1,000",-,-,-,-,チャージ,PayPay,ゆうちょ銀行 *****41,-,-,02180232400625172480
2026/01/16 22:24:52,788,-,-,-,-,-,支払い,ファミリーマート - 三軒茶屋二丁目,PayPay残高,-,-,04891317423695536131
2026/01/16 22:24:52,-,3,-,-,-,-,ポイント、残高の獲得,ファミリーマート,PayPayポイント,-,-,04891317423695536131
2026/01/16 15:29:29,-,2,-,-,-,-,ポイント、残高の獲得,ローソン,PayPayポイント,-,-,04891103328166264833
2026/01/16 15:29:29,448,-,-,-,-,-,支払い,ローソン - 世田谷三軒茶屋二丁目,"PayPayポイント (8円), PayPay残高 (440円)",-,-,04891103328166264833
2026/01/16 15:29:20,-,"1,000",-,-,-,-,チャージ,PayPay,ゆうちょ銀行 *****41,-,-,02179954971507113995
2026/01/15 19:20:05,827,-,-,-,-,-,支払い,セブン-イレブン - 世田谷上馬２丁目,"PayPayポイント (6円), PayPay残高 (821円)",-,-,04890480016741146628
2026/01/15 19:20:05,-,4,-,-,-,-,ポイント、残高の獲得,セブン-イレブン,PayPayポイント,-,-,04890480016741146628
2026/01/15 19:19:56,-,"1,000",-,-,-,-,チャージ,PayPay,ゆうちょ銀行 *****41,-,-,02179331651493355547
2026/01/14 23:38:21,724,-,-,-,-,-,支払い,ファミリーマート - 三軒茶屋二丁目,PayPay残高,-,-,04889870947429097473
2026/01/14 23:38:20,-,3,-,-,-,-,ポイント、残高の獲得,ファミリーマート,PayPayポイント,-,-,04889870947429097473
2026/01/14 07:55:41,456,-,-,-,-,-,支払い,ローソン - 世田谷三軒茶屋二丁目,"PayPayポイント (16円), PayPay残高 (440円)",-,-,04889385109318025220
2026/01/14 07:55:41,-,2,-,-,-,-,ポイント、残高の獲得,ローソン,PayPayポイント,-,-,04889385109318025220
2026/01/13 22:31:35,"4,000",-,-,-,-,-,送った金額,しの,PayPay残高,-,-,02177946095043026945
2026/01/13 22:31:33,-,"5,000",-,-,-,-,チャージ,PayPay,ゆうちょ銀行 *****41,-,-,02177946069273886733
2026/01/13 19:18:20,-,6,-,-,-,-,ポイント、残高の獲得,セブン-イレブン,PayPayポイント,-,-,04888994765510729729
2026/01/13 19:18:20,"1,342",-,-,-,-,-,支払い,セブン-イレブン - 世田谷上馬２丁目,"PayPayポイント (8円), PayPay残高 (1,334円)",-,-,04888994765510729729
2026/01/13 19:18:13,-,"1,000",-,-,-,-,チャージ,PayPay,ゆうちょ銀行 *****41,-,-,02177846426033119251
2026/01/12 15:08:04,40,-,-,-,-,-,支払い,ヤマト運輸 - 三軒茶屋営業所（受付）,PayPayポイント,-,-,04888123617294123008
2026/01/11 19:49:18,850,-,-,-,-,-,送った金額,宮元健斗だよ,PayPay残高,-,-,02176378114152103936
2026/01/11 16:04:57,521,-,-,-,-,-,支払い,セブン-イレブン - 中野中央桃園川,"PayPayポイント (4円), PayPay残高 (517円)",-,-,04887410764392439810
2026/01/11 16:04:57,-,2,-,-,-,-,ポイント、残高の獲得,セブン-イレブン,PayPayポイント,-,-,04887410764392439810
2026/01/11 04:48:56,"1,500",-,-,-,-,-,支払い,グランドサマナーズ,"PayPayポイント (10円), PayPay残高 (1,490円)",-,-,04887062339465355265
2026/01/11 04:48:55,-,7,-,-,-,-,ポイント、残高の獲得,グランドサマナーズ,PayPayポイント,-,-,04887062339465355265
2026/01/11 04:48:55,-,"3,000",-,-,-,-,チャージ,PayPay,ゆうちょ銀行 *****41,-,-,02175914051526713346
2026/01/10 22:52:54,783,-,-,-,-,-,支払い,ファミリーマート - 三軒茶屋二丁目,"PayPayポイント (4円), PayPay残高 (779円)",-,-,04886878849872412672
2026/01/10 22:52:54,-,3,-,-,-,-,ポイント、残高の獲得,ファミリーマート,PayPayポイント,-,-,04886878849872412672
2026/01/07 00:19:17,-,14,-,-,-,-,ポイント、残高の獲得,Qoo10,PayPayポイント,-,-,04883954655747661824
2026/01/07 00:19:13,"2,850",-,-,-,-,-,支払い,Qoo10,PayPay残高,-,-,04883954655747661824
2026/01/07 00:19:03,-,"3,000",-,-,-,-,チャージ,PayPay,ゆうちょ銀行 *****41,-,-,02172806281910779908
2026/01/02 17:04:23,544,-,-,-,-,-,支払い,ヤマト運輸 - 三軒茶屋営業所（受付）,PayPay残高,-,-,04880761854369505284
2026/01/02 17:04:22,-,2,-,-,-,-,ポイント、残高の獲得,ヤマト運輸,PayPayポイント,-,-,04880761854369505284
2026/01/02 11:47:30,70,-,-,-,-,-,支払い,ヤマト運輸 - 三軒茶屋営業所（受付）,PayPay残高,-,-,04880598533943115785
2026/01/02 11:45:03,60,-,-,-,-,-,支払い,ヤマト運輸 - 三軒茶屋営業所（受付）,"PayPayポイント (23円), PayPay残高 (37円)",-,-,04880597271222263815
2026/01/01 04:01:34,"1,500",-,-,-,-,-,期間限定ポイントの期限切れ,-,PayPayポイント,-,-,04099441375259197487